Kod,Dzielnica
00-002,Śródmieście
00-003,Śródmieście
00-004,Śródmieście
00-005,Śródmieście
00-006,Śródmieście
00-007,Śródmieście
00-008,Śródmieście
00-009,Śródmieście
00-010,Śródmieście
00-011,Śródmieście
00-012,Śródmieście
00-013,Śródmieście
00-014,Śródmieście
00-015,Śródmieście
00-016,Śródmieście
00-017,Śródmieście
00-018,Śródmieście
00-019,Śródmieście
00-020,Śródmieście
00-021,Śródmieście
00-022,Śródmieście
00-023,Śródmieście
00-024,Śródmieście
00-025,Śródmieście
00-026,Śródmieście
00-027,Śródmieście
00-028,Śródmieście
00-029,Śródmieście
00-030,Śródmieście
00-031,Śródmieście
00-032,Śródmieście
00-033,Śródmieście
00-034,Śródmieście
00-035,Śródmieście
00-036,Śródmieście
00-037,Śródmieście
00-038,Śródmieście
00-039,Śródmieście
00-040,Śródmieście
00-041,Śródmieście
00-042,Śródmieście
00-043,Śródmieście
00-044,Śródmieście
00-046,Śródmieście
00-047,Śródmieście
00-048,Śródmieście
00-049,Śródmieście
00-050,Śródmieście
00-051,Śródmieście
00-052,Śródmieście
00-054,Śródmieście
00-055,Śródmieście
00-056,Śródmieście
00-057,Śródmieście
00-058,Śródmieście
00-059,Śródmieście
00-060,Śródmieście
00-061,Śródmieście
00-062,Śródmieście
00-063,Śródmieście
00-064,Śródmieście
00-065,Śródmieście
00-066,Śródmieście
00-067,Śródmieście
00-068,Śródmieście
00-070,Śródmieście
00-071,Śródmieście
00-072,Śródmieście
00-073,Śródmieście
00-074,Śródmieście
00-075,Śródmieście
00-076,Śródmieście
00-077,Śródmieście
00-078,Śródmieście
00-079,Śródmieście
00-080,Śródmieście
00-082,Śródmieście
00-083,Śródmieście
00-084,Śródmieście
00-085,Śródmieście
00-086,Śródmieście
00-087,Śródmieście
00-088,Śródmieście
00-089,Śródmieście
00-090,Śródmieście
00-091,Śródmieście
00-092,Śródmieście
00-093,Śródmieście
00-094,Śródmieście
00-095,Śródmieście
00-097,Śródmieście
00-098,Śródmieście
00-099,Śródmieście
00-100,Śródmieście
00-102,Śródmieście
00-103,Śródmieście
00-104,Śródmieście
00-105,Śródmieście
00-107,Śródmieście
00-108,Śródmieście
00-109,Śródmieście
00-110,Śródmieście
00-112,Śródmieście
00-113,Śródmieście
00-114,Śródmieście
00-115,Śródmieście
00-116,Śródmieście
00-117,Śródmieście
00-118,Śródmieście
00-119,Śródmieście
00-120,Śródmieście
00-121,Śródmieście
00-123,Śródmieście
00-124,Śródmieście
00-125,Śródmieście
00-126,Śródmieście
00-127,Śródmieście
00-130,Śródmieście
00-131,Śródmieście
00-132,Śródmieście
00-133,Śródmieście
00-135,Śródmieście
00-136,Śródmieście
00-137,Śródmieście
00-138,Śródmieście
00-139,Śródmieście
00-140,Śródmieście
00-141,Śródmieście
00-142,Śródmieście
00-143,Śródmieście
00-144,Śródmieście
00-145,Śródmieście
00-146,Śródmieście
00-147,Śródmieście
00-148,Śródmieście
00-149,Śródmieście
00-150,Śródmieście
00-151,Śródmieście
00-152,Śródmieście
00-153,Śródmieście
00-154,Śródmieście
00-155,Śródmieście
00-156,Śródmieście
00-157,Śródmieście
00-158,Śródmieście
00-159,Śródmieście
00-160,Śródmieście
00-161,Śródmieście
00-162,Śródmieście
00-163,Śródmieście
00-164,Śródmieście
00-165,Śródmieście
00-166,Śródmieście
00-167,Śródmieście
00-168,Śródmieście
00-169,Śródmieście
00-170,Śródmieście
00-171,Śródmieście
00-172,Śródmieście
00-173,Śródmieście
00-174,Śródmieście
00-175,Śródmieście
00-176,Śródmieście
00-177,Śródmieście
00-178,Śródmieście
00-179,Śródmieście
00-180,Śródmieście
00-181,Śródmieście
00-182,Śródmieście
00-183,Śródmieście
00-184,Śródmieście
00-185,Śródmieście
00-186,Śródmieście
00-187,Śródmieście
00-188,Śródmieście
00-189,Śródmieście
00-190,Śródmieście
00-192,Śródmieście
00-193,Śródmieście
00-194,Śródmieście
00-195,Śródmieście
00-196,Śródmieście
00-197,Śródmieście
00-199,Śródmieście
00-200,Śródmieście
00-201,Śródmieście
00-202,Śródmieście
00-203,Śródmieście
00-204,Śródmieście
00-205,Śródmieście
00-206,Śródmieście
00-207,Śródmieście
00-208,Śródmieście
00-209,Śródmieście
00-210,Śródmieście
00-211,Śródmieście
00-213,Śródmieście
00-214,Śródmieście
00-215,Śródmieście
00-216,Śródmieście
00-217,Śródmieście
00-218,Śródmieście
00-219,Śródmieście
00-220,Śródmieście
00-221,Śródmieście
00-222,Śródmieście
00-223,Śródmieście
00-224,Śródmieście
00-225,Śródmieście
00-227,Śródmieście
00-228,Śródmieście
00-229,Śródmieście
00-230,Śródmieście
00-231,Śródmieście
00-232,Śródmieście
00-233,Śródmieście
00-234,Śródmieście
00-235,Śródmieście
00-236,Śródmieście
00-237,Śródmieście
00-238,Śródmieście
00-240,Śródmieście
00-241,Śródmieście
00-242,Śródmieście
00-243,Śródmieście
00-244,Śródmieście
00-245,Śródmieście
00-246,Śródmieście
00-248,Śródmieście
00-249,Śródmieście
00-251,Śródmieście
00-252,Śródmieście
00-253,Śródmieście
00-254,Śródmieście
00-255,Śródmieście
00-256,Śródmieście
00-257,Śródmieście
00-258,Śródmieście
00-259,Śródmieście
00-260,Śródmieście
00-261,Śródmieście
00-262,Śródmieście
00-263,Śródmieście
00-264,Śródmieście
00-265,Śródmieście
00-266,Śródmieście
00-267,Śródmieście
00-268,Śródmieście
00-270,Śródmieście
00-271,Śródmieście
00-272,Śródmieście
00-274,Śródmieście
00-275,Śródmieście
00-277,Śródmieście
00-278,Śródmieście
00-279,Śródmieście
00-280,Śródmieście
00-281,Śródmieście
00-282,Śródmieście
00-283,Śródmieście
00-284,Śródmieście
00-285,Śródmieście
00-286,Śródmieście
00-287,Śródmieście
00-288,Śródmieście
00-301,Śródmieście
00-302,Śródmieście
00-303,Śródmieście
00-304,Śródmieście
00-305,Śródmieście
00-306,Śródmieście
00-307,Śródmieście
00-308,Śródmieście
00-309,Śródmieście
00-310,Śródmieście
00-311,Śródmieście
00-312,Śródmieście
00-313,Śródmieście
00-314,Śródmieście
00-315,Śródmieście
00-316,Śródmieście
00-317,Śródmieście
00-318,Śródmieście
00-319,Śródmieście
00-321,Śródmieście
00-322,Śródmieście
00-324,Śródmieście
00-325,Śródmieście
00-327,Śródmieście
00-328,Śródmieście
00-330,Śródmieście
00-331,Śródmieście
00-332,Śródmieście
00-333,Śródmieście
00-334,Śródmieście
00-335,Śródmieście
00-336,Śródmieście
00-337,Śródmieście
00-338,Śródmieście
00-339,Śródmieście
00-340,Śródmieście
00-341,Śródmieście
00-342,Śródmieście
00-344,Śródmieście
00-345,Śródmieście
00-346,Śródmieście
00-347,Śródmieście
00-348,Śródmieście
00-349,Śródmieście
00-350,Śródmieście
00-351,Śródmieście
00-353,Śródmieście
00-354,Śródmieście
00-355,Śródmieście
00-356,Śródmieście
00-357,Śródmieście
00-358,Śródmieście
00-359,Śródmieście
00-360,Śródmieście
00-362,Śródmieście
00-363,Śródmieście
00-364,Śródmieście
00-366,Śródmieście
00-367,Śródmieście
00-368,Śródmieście
00-369,Śródmieście
00-370,Śródmieście
00-372,Śródmieście
00-373,Śródmieście
00-374,Śródmieście
00-375,Śródmieście
00-377,Śródmieście
00-378,Śródmieście
00-379,Śródmieście
00-380,Śródmieście
00-381,Śródmieście
00-382,Śródmieście
00-384,Śródmieście
00-385,Śródmieście
00-386,Śródmieście
00-388,Śródmieście
00-389,Śródmieście
00-390,Śródmieście
00-391,Śródmieście
00-392,Śródmieście
00-393,Śródmieście
00-394,Śródmieście
00-401,Śródmieście
00-402,Śródmieście
00-403,Śródmieście
00-405,Śródmieście
00-406,Śródmieście
00-407,Śródmieście
00-408,Śródmieście
00-409,Śródmieście
00-410,Śródmieście
00-411,Śródmieście
00-412,Śródmieście
00-413,Śródmieście
00-414,Śródmieście
00-415,Śródmieście
00-416,Śródmieście
00-417,Śródmieście
00-418,Śródmieście
00-419,Śródmieście
00-420,Śródmieście
00-421,Śródmieście
00-422,Śródmieście
00-423,Śródmieście
00-424,Śródmieście
00-425,Śródmieście
00-427,Śródmieście
00-428,Śródmieście
00-429,Śródmieście
00-430,Śródmieście
00-431,Śródmieście
00-432,Śródmieście
00-433,Śródmieście
00-434,Śródmieście
00-435,Śródmieście
00-436,Śródmieście
00-438,Śródmieście
00-439,Śródmieście
00-440,Śródmieście
00-441,Śródmieście
00-442,Śródmieście
00-443,Śródmieście
00-444,Śródmieście
00-446,Śródmieście
00-447,Śródmieście
00-448,Śródmieście
00-449,Śródmieście
00-450,Śródmieście
00-451,Śródmieście
00-452,Śródmieście
00-453,Śródmieście
00-454,Mokotów
00-454,Śródmieście
00-455,Śródmieście
00-456,Śródmieście
00-457,Śródmieście
00-458,Śródmieście
00-459,Śródmieście
00-460,Śródmieście
00-461,Śródmieście
00-462,Śródmieście
00-463,Mokotów
00-463,Śródmieście
00-464,Śródmieście
00-465,Śródmieście
00-466,Śródmieście
00-467,Śródmieście
00-468,Śródmieście
00-477,Śródmieście
00-478,Śródmieście
00-479,Śródmieście
00-480,Śródmieście
00-481,Śródmieście
00-482,Śródmieście
00-483,Śródmieście
00-484,Śródmieście
00-485,Śródmieście
00-486,Śródmieście
00-487,Śródmieście
00-488,Śródmieście
00-489,Śródmieście
00-490,Śródmieście
00-491,Śródmieście
00-492,Śródmieście
00-493,Śródmieście
00-495,Śródmieście
00-496,Śródmieście
00-497,Śródmieście
00-498,Śródmieście
00-499,Śródmieście
00-501,Śródmieście
00-502,Śródmieście
00-503,Śródmieście
00-505,Śródmieście
00-507,Śródmieście
00-508,Śródmieście
00-509,Śródmieście
00-510,Śródmieście
00-511,Śródmieście
00-512,Śródmieście
00-513,Śródmieście
00-514,Śródmieście
00-515,Śródmieście
00-516,Śródmieście
00-517,Śródmieście
00-518,Śródmieście
00-519,Śródmieście
00-521,Śródmieście
00-522,Śródmieście
00-524,Śródmieście
00-525,Śródmieście
00-526,Śródmieście
00-527,Śródmieście
00-528,Śródmieście
00-529,Śródmieście
00-530,Śródmieście
00-532,Śródmieście
00-533,Śródmieście
00-534,Śródmieście
00-535,Śródmieście
00-536,Śródmieście
00-537,Śródmieście
00-538,Śródmieście
00-539,Śródmieście
00-540,Śródmieście
00-541,Śródmieście
00-542,Śródmieście
00-543,Śródmieście
00-544,Śródmieście
00-545,Śródmieście
00-546,Śródmieście
00-547,Śródmieście
00-548,Śródmieście
00-549,Śródmieście
00-550,Śródmieście
00-551,Śródmieście
00-552,Śródmieście
00-553,Śródmieście
00-554,Śródmieście
00-555,Śródmieście
00-556,Śródmieście
00-557,Śródmieście
00-558,Śródmieście
00-559,Śródmieście
00-560,Śródmieście
00-561,Śródmieście
00-562,Śródmieście
00-563,Śródmieście
00-564,Śródmieście
00-565,Śródmieście
00-566,Śródmieście
00-567,Śródmieście
00-568,Śródmieście
00-569,Śródmieście
00-570,Śródmieście
00-571,Śródmieście
00-572,Śródmieście
00-573,Śródmieście
00-574,Śródmieście
00-575,Śródmieście
00-576,Śródmieście
00-578,Śródmieście
00-580,Śródmieście
00-581,Śródmieście
00-582,Śródmieście
00-583,Śródmieście
00-584,Śródmieście
00-585,Śródmieście
00-586,Śródmieście
00-588,Śródmieście
00-589,Śródmieście
00-590,Śródmieście
00-591,Śródmieście
00-592,Śródmieście
00-594,Śródmieście
00-605,Śródmieście
00-608,Śródmieście
00-608,Ochota
00-609,Śródmieście
00-610,Śródmieście
00-611,Śródmieście
00-613,Śródmieście
00-614,Śródmieście
00-620,Śródmieście
00-621,Śródmieście
00-622,Śródmieście
00-623,Śródmieście
00-624,Śródmieście
00-625,Śródmieście
00-626,Śródmieście
00-627,Śródmieście
00-628,Śródmieście
00-629,Śródmieście
00-630,Śródmieście
00-631,Śródmieście
00-632,Śródmieście
00-633,Śródmieście
00-634,Śródmieście
00-635,Śródmieście
00-636,Śródmieście
00-637,Śródmieście
00-638,Śródmieście
00-639,Śródmieście
00-640,Śródmieście
00-641,Śródmieście
00-642,Śródmieście
00-643,Śródmieście
00-644,Śródmieście
00-645,Śródmieście
00-647,Śródmieście
00-648,Śródmieście
00-649,Śródmieście
00-650,Śródmieście
00-651,Śródmieście
00-653,Śródmieście
00-654,Śródmieście
00-655,Śródmieście
00-656,Śródmieście
00-657,Śródmieście
00-658,Śródmieście
00-659,Śródmieście
00-660,Ochota
00-660,Śródmieście
00-661,Śródmieście
00-662,Śródmieście
00-663,Śródmieście
00-664,Śródmieście
00-665,Śródmieście
00-666,Śródmieście
00-667,Śródmieście
00-668,Śródmieście
00-669,Śródmieście
00-670,Śródmieście
00-671,Śródmieście
00-672,Śródmieście
00-673,Śródmieście
00-674,Śródmieście
00-675,Śródmieście
00-675,Ochota
00-676,Śródmieście
00-677,Śródmieście
00-678,Śródmieście
00-679,Śródmieście
00-680,Śródmieście
00-681,Śródmieście
00-682,Śródmieście
00-683,Śródmieście
00-684,Śródmieście
00-685,Śródmieście
00-686,Śródmieście
00-687,Śródmieście
00-688,Śródmieście
00-689,Śródmieście
00-691,Śródmieście
00-692,Śródmieście
00-693,Śródmieście
00-695,Śródmieście
00-696,Śródmieście
00-697,Ochota
00-697,Śródmieście
00-698,Śródmieście
00-699,Śródmieście
00-701,Mokotów
00-702,Mokotów
00-703,Mokotów
00-704,Mokotów
00-705,Mokotów
00-706,Mokotów
00-707,Mokotów
00-708,Mokotów
00-709,Mokotów
00-710,Mokotów
00-711,Mokotów
00-712,Mokotów
00-713,Mokotów
00-714,Mokotów
00-715,Mokotów
00-716,Mokotów
00-717,Mokotów
00-718,Mokotów
00-719,Mokotów
00-720,Mokotów
00-721,Mokotów
00-722,Mokotów
00-724,Mokotów
00-725,Mokotów
00-727,Mokotów
00-728,Mokotów
00-730,Mokotów
00-731,Mokotów
00-732,Mokotów
00-733,Mokotów
00-734,Mokotów
00-735,Mokotów
00-736,Mokotów
00-737,Mokotów
00-738,Mokotów
00-739,Mokotów
00-740,Mokotów
00-741,Mokotów
00-742,Mokotów
00-743,Mokotów
00-745,Mokotów
00-746,Mokotów
00-747,Mokotów
00-748,Mokotów
00-749,Mokotów
00-750,Mokotów
00-752,Mokotów
00-753,Mokotów
00-754,Mokotów
00-758,Śródmieście
00-759,Śródmieście
00-761,Mokotów
00-761,Śródmieście
00-762,Mokotów
00-763,Mokotów
00-764,Mokotów
00-765,Mokotów
00-766,Mokotów
00-767,Mokotów
00-768,Mokotów
00-769,Mokotów
00-770,Mokotów
00-771,Mokotów
00-772,Mokotów
00-773,Mokotów
00-774,Mokotów
00-775,Mokotów
00-777,Mokotów
00-778,Mokotów
00-780,Mokotów
00-781,Mokotów
00-783,Mokotów
00-784,Mokotów
00-785,Mokotów
00-787,Mokotów
00-788,Mokotów
00-789,Mokotów
00-790,Mokotów
00-791,Mokotów
00-792,Mokotów
00-793,Mokotów
00-794,Mokotów
00-795,Mokotów
00-800,Wola
00-801,Wola
00-802,Wola
00-803,Wola
00-804,Wola
00-805,Wola
00-805,Śródmieście
00-806,Wola
00-807,Ochota
00-808,Wola
00-809,Wola
00-810,Wola
00-811,Wola
00-812,Wola
00-813,Ochota
00-814,Wola
00-815,Wola
00-817,Wola
00-818,Wola
00-819,Wola
00-820,Wola
00-821,Wola
00-822,Wola
00-823,Wola
00-824,Wola
00-825,Wola
00-826,Wola
00-827,Wola
00-828,Wola
00-830,Wola
00-831,Wola
00-832,Wola
00-833,Wola
00-834,Wola
00-835,Wola
00-836,Wola
00-837,Wola
00-838,Wola
00-839,Wola
00-840,Wola
00-841,Wola
00-842,Wola
00-844,Wola
00-845,Wola
00-846,Wola
00-847,Wola
00-849,Wola
00-850,Wola
00-851,Wola
00-852,Wola
00-853,Wola
00-854,Wola
00-855,Wola
00-862,Wola
00-863,Wola
00-864,Wola
00-865,Wola
00-866,Wola
00-867,Wola
00-868,Wola
00-869,Wola
00-870,Wola
00-871,Wola
00-872,Wola
00-873,Wola
00-874,Wola
00-875,Wola
00-876,Wola
00-877,Wola
00-878,Wola
00-879,Wola
00-888,Ochota
00-891,Wola
00-892,Wola
00-893,Wola
00-894,Wola
00-895,Wola
00-896,Wola
00-897,Wola
00-898,Wola
00-899,Wola
00-910,Rembertów
00-917,Śródmieście
00-919,Śródmieście
00-928,Śródmieście
00-929,Praga-Południe
00-931,Wola
00-933,Praga-Południe
00-937,Śródmieście
00-939,Praga-Południe
00-944,Śródmieście
00-945,Śródmieście
00-977,Mokotów
00-980,Mokotów
00-982,Mokotów
00-983,Targówek
00-988,Ursynów
00-992,Praga-Północ
00-993,Mokotów
00-999,Mokotów
01-001,Wola
01-002,Wola
01-003,Wola
01-004,Wola
01-005,Wola
01-006,Wola
01-008,Wola
01-009,Wola
01-010,Wola
01-011,Wola
01-012,Wola
01-013,Wola
01-014,Wola
01-015,Wola
01-016,Wola
01-017,Wola
01-018,Wola
01-019,Wola
01-020,Wola
01-021,Wola
01-022,Wola
01-023,Wola
01-024,Wola
01-025,Wola
01-026,Wola
01-027,Wola
01-029,Wola
01-030,Wola
01-031,Wola
01-032,Wola
01-033,Wola
01-034,Wola
01-036,Wola
01-037,Wola
01-038,Wola
01-040,Wola
01-041,Wola
01-042,Wola
01-043,Wola
01-044,Wola
01-045,Wola
01-046,Wola
01-047,Wola
01-048,Wola
01-049,Wola
01-050,Wola
01-051,Wola
01-052,Wola
01-053,Wola
01-054,Wola
01-056,Wola
01-057,Wola
01-058,Wola
01-059,Wola
01-060,Wola
01-061,Wola
01-063,Wola
01-064,Wola
01-065,Wola
01-066,Wola
01-067,Wola
01-068,Wola
01-100,Wola
01-101,Wola
01-102,Wola
01-103,Wola
01-104,Wola
01-105,Wola
01-106,Wola
01-107,Wola
01-108,Wola
01-109,Wola
01-110,Wola
01-111,Wola
01-112,Wola
01-113,Wola
01-114,Wola
01-115,Wola
01-116,Wola
01-117,Wola
01-118,Wola
01-119,Wola
01-120,Wola
01-121,Wola
01-122,Wola
01-123,Wola
01-126,Wola
01-127,Wola
01-128,Wola
01-129,Wola
01-130,Wola
01-131,Wola
01-132,Wola
01-134,Wola
01-135,Wola
01-136,Wola
01-137,Wola
01-138,Wola
01-139,Wola
01-140,Wola
01-141,Wola
01-142,Wola
01-143,Wola
01-144,Wola
01-145,Wola
01-146,Wola
01-147,Wola
01-148,Wola
01-149,Wola
01-150,Wola
01-151,Wola
01-152,Wola
01-153,Wola
01-154,Wola
01-155,Wola
01-156,Wola
01-157,Wola
01-158,Wola
01-159,Wola
01-160,Wola
01-161,Wola
01-162,Wola
01-163,Wola
01-164,Wola
01-165,Wola
01-166,Wola
01-167,Wola
01-168,Wola
01-170,Wola
01-171,Wola
01-172,Wola
01-173,Wola
01-174,Wola
01-175,Wola
01-176,Wola
01-177,Wola
01-178,Wola
01-179,Wola
01-180,Wola
01-181,Wola
01-182,Wola
01-183,Wola
01-184,Wola
01-186,Wola
01-187,Wola
01-188,Wola
01-189,Wola
01-190,Wola
01-191,Wola
01-192,Wola
01-193,Wola
01-194,Wola
01-195,Wola
01-196,Wola
01-197,Wola
01-198,Wola
01-199,Wola
01-201,Wola
01-202,Wola
01-203,Wola
01-204,Wola
01-205,Wola
01-206,Wola
01-207,Wola
01-208,Wola
01-209,Wola
01-210,Wola
01-211,Wola
01-212,Wola
01-213,Wola
01-214,Wola
01-216,Wola
01-217,Wola
01-218,Wola
01-219,Wola
01-220,Wola
01-221,Wola
01-222,Wola
01-223,Wola
01-224,Wola
01-225,Wola
01-226,Wola
01-227,Wola
01-228,Wola
01-229,Wola
01-230,Wola
01-231,Wola
01-232,Wola
01-233,Wola
01-234,Wola
01-235,Wola
01-236,Wola
01-237,Wola
01-238,Wola
01-239,Wola
01-240,Wola
01-241,Wola
01-242,Wola
01-243,Wola
01-244,Wola
01-245,Wola
01-246,Wola
01-247,Wola
01-248,Wola
01-249,Wola
01-250,Wola
01-251,Wola
01-252,Wola
01-253,Wola
01-253,Włochy
01-254,Wola
01-255,Wola
01-258,Wola
01-259,Wola
01-261,Wola
01-262,Wola
01-263,Wola
01-264,Wola
01-265,Wola
01-266,Wola
01-267,Wola
01-301,Bemowo
01-302,Bemowo
01-303,Bemowo
01-304,Bemowo
01-305,Bemowo
01-306,Bemowo
01-307,Bemowo
01-308,Bemowo
01-309,Bemowo
01-310,Bemowo
01-312,Bemowo
01-313,Bemowo
01-314,Bemowo
01-315,Bemowo
01-317,Bemowo
01-318,Bemowo
01-319,Bemowo
01-320,Bemowo
01-321,Bemowo
01-327,Bemowo
01-328,Bemowo
01-329,Bemowo
01-330,Bemowo
01-336,Bemowo
01-337,Bemowo
01-338,Bemowo
01-339,Bemowo
01-340,Bemowo
01-341,Bemowo
01-342,Bemowo
01-343,Bemowo
01-345,Bemowo
01-346,Bemowo
01-347,Bemowo
01-348,Bemowo
01-349,Bemowo
01-350,Bemowo
01-351,Bemowo
01-352,Bemowo
01-353,Bemowo
01-354,Bemowo
01-355,Bemowo
01-356,Bemowo
01-357,Bemowo
01-358,Bemowo
01-359,Bemowo
01-360,Bemowo
01-361,Bemowo
01-362,Bemowo
01-364,Bemowo
01-365,Bemowo
01-366,Bemowo
01-367,Bemowo
01-368,Bemowo
01-373,Wola
01-374,Bemowo
01-376,Bemowo
01-377,Wola
01-377,Bemowo
01-378,Bemowo
01-378,Wola
01-381,Bemowo
01-382,Bemowo
01-383,Bemowo
01-384,Bemowo
01-385,Bemowo
01-386,Bemowo
01-387,Bemowo
01-388,Bemowo
01-389,Bemowo
01-390,Bemowo
01-391,Bemowo
01-401,Wola
01-402,Wola
01-404,Wola
01-405,Wola
01-406,Wola
01-407,Wola
01-408,Wola
01-409,Wola
01-410,Wola
01-411,Wola
01-413,Wola
01-416,Wola
01-417,Wola
01-418,Wola
01-419,Wola
01-420,Wola
01-422,Wola
01-423,Wola
01-424,Wola
01-425,Wola
01-426,Wola
01-428,Wola
01-429,Wola
01-431,Wola
01-432,Wola
01-433,Wola
01-434,Wola
01-436,Wola
01-437,Wola
01-438,Wola
01-439,Wola
01-441,Wola
01-442,Wola
01-443,Wola
01-444,Wola
01-445,Wola
01-446,Wola
01-447,Wola
01-448,Wola
01-449,Wola
01-450,Wola
01-451,Wola
01-452,Wola
01-452,Bemowo
01-456,Wola
01-457,Wola
01-458,Wola
01-459,Wola
01-459,Bemowo
01-460,Bemowo
01-460,Wola
01-461,Bemowo
01-462,Bemowo
01-464,Bemowo
01-465,Bemowo
01-466,Bemowo
01-467,Bemowo
01-468,Bemowo
01-469,Bemowo
01-470,Wola
01-470,Bemowo
01-471,Bemowo
01-472,Bemowo
01-473,Bemowo
01-474,Bemowo
01-475,Bemowo
01-476,Bemowo
01-477,Bemowo
01-478,Bemowo
01-479,Bemowo
01-480,Bemowo
01-481,Bemowo
01-482,Bemowo
01-483,Bemowo
01-485,Bemowo
01-486,Bemowo
01-487,Bemowo
01-488,Bemowo
01-489,Bemowo
01-490,Bemowo
01-491,Bemowo
01-492,Bemowo
01-493,Bemowo
01-494,Bemowo
01-495,Bemowo
01-496,Bemowo
01-497,Bemowo
01-498,Bemowo
01-501,Żoliborz
01-502,Żoliborz
01-503,Żoliborz
01-504,Żoliborz
01-505,Żoliborz
01-506,Żoliborz
01-507,Żoliborz
01-508,Żoliborz
01-510,Żoliborz
01-511,Żoliborz
01-512,Żoliborz
01-513,Żoliborz
01-514,Żoliborz
01-515,Żoliborz
01-517,Żoliborz
01-518,Żoliborz
01-519,Żoliborz
01-520,Żoliborz
01-521,Żoliborz
01-522,Żoliborz
01-523,Żoliborz
01-524,Żoliborz
01-526,Żoliborz
01-527,Żoliborz
01-528,Żoliborz
01-529,Żoliborz
01-530,Żoliborz
01-531,Bielany
01-531,Żoliborz
01-532,Żoliborz
01-533,Żoliborz
01-534,Żoliborz
01-535,Żoliborz
01-536,Żoliborz
01-537,Żoliborz
01-538,Żoliborz
01-539,Żoliborz
01-540,Żoliborz
01-541,Żoliborz
01-542,Żoliborz
01-543,Żoliborz
01-548,Żoliborz
01-549,Żoliborz
01-551,Żoliborz
01-552,Żoliborz
01-553,Żoliborz
01-554,Żoliborz
01-555,Żoliborz
01-556,Żoliborz
01-557,Żoliborz
01-558,Żoliborz
01-559,Żoliborz
01-560,Żoliborz
01-562,Żoliborz
01-563,Żoliborz
01-564,Żoliborz
01-565,Żoliborz
01-566,Żoliborz
01-567,Żoliborz
01-568,Żoliborz
01-569,Żoliborz
01-570,Żoliborz
01-571,Żoliborz
01-572,Żoliborz
01-573,Żoliborz
01-574,Żoliborz
01-576,Żoliborz
01-577,Żoliborz
01-578,Żoliborz
01-579,Żoliborz
01-580,Żoliborz
01-581,Żoliborz
01-582,Żoliborz
01-584,Żoliborz
01-585,Żoliborz
01-586,Żoliborz
01-587,Żoliborz
01-588,Żoliborz
01-589,Żoliborz
01-590,Żoliborz
01-592,Żoliborz
01-593,Żoliborz
01-594,Żoliborz
01-595,Żoliborz
01-601,Żoliborz
01-602,Żoliborz
01-603,Żoliborz
01-604,Żoliborz
01-605,Żoliborz
01-606,Żoliborz
01-607,Żoliborz
01-608,Żoliborz
01-609,Żoliborz
01-610,Żoliborz
01-611,Żoliborz
01-612,Żoliborz
01-613,Żoliborz
01-614,Żoliborz
01-615,Żoliborz
01-616,Żoliborz
01-617,Żoliborz
01-618,Żoliborz
01-619,Żoliborz
01-620,Żoliborz
01-621,Żoliborz
01-622,Żoliborz
01-623,Żoliborz
01-624,Żoliborz
01-625,Żoliborz
01-626,Żoliborz
01-627,Żoliborz
01-629,Żoliborz
01-630,Żoliborz
01-631,Żoliborz
01-632,Żoliborz
01-633,Żoliborz
01-633,Bielany
01-634,Żoliborz
01-635,Żoliborz
01-636,Żoliborz
01-637,Żoliborz
01-638,Żoliborz
01-639,Żoliborz
01-640,Żoliborz
01-641,Żoliborz
01-643,Żoliborz
01-644,Żoliborz
01-645,Żoliborz
01-646,Żoliborz
01-647,Żoliborz
01-648,Żoliborz
01-649,Bielany
01-649,Żoliborz
01-650,Żoliborz
01-651,Żoliborz
01-652,Żoliborz
01-654,Żoliborz
01-656,Żoliborz
01-658,Żoliborz
01-659,Bielany
01-664,Żoliborz
01-665,Żoliborz
01-669,Żoliborz
01-670,Bielany
01-670,Żoliborz
01-673,Bielany
01-674,Bielany
01-677,Żoliborz
01-678,Bielany
01-679,Bielany
01-681,Bielany
01-682,Bielany
01-683,Bielany
01-684,Bielany
01-685,Bielany
01-687,Żoliborz
01-687,Bielany
01-688,Bielany
01-689,Bielany
01-690,Żoliborz
01-690,Bielany
01-691,Bielany
01-691,Żoliborz
01-692,Bielany
01-692,Żoliborz
01-693,Żoliborz
01-694,Bielany
01-695,Bielany
01-696,Bielany
01-697,Bielany
01-698,Bielany
01-699,Bielany
01-702,Bielany
01-703,Bielany
01-703,Żoliborz
01-707,Bielany
01-708,Bielany
01-709,Bielany
01-710,Żoliborz
01-711,Żoliborz
01-715,Żoliborz
01-716,Bielany
01-716,Żoliborz
01-727,Bielany
01-728,Żoliborz
01-730,Bielany
01-735,Żoliborz
01-736,Żoliborz
01-737,Żoliborz
01-738,Żoliborz
01-739,Żoliborz
01-740,Żoliborz
01-741,Żoliborz
01-742,Żoliborz
01-743,Żoliborz
01-745,Żoliborz
01-747,Żoliborz
01-748,Żoliborz
01-749,Wola
01-755,Żoliborz
01-756,Żoliborz
01-769,Żoliborz
01-770,Żoliborz
01-771,Żoliborz
01-771,Bielany
01-772,Żoliborz
01-773,Żoliborz
01-779,Żoliborz
01-780,Żoliborz
01-783,Bielany
01-784,Żoliborz
01-785,Żoliborz
01-786,Żoliborz
01-787,Żoliborz
01-792,Żoliborz
01-793,Żoliborz
01-794,Żoliborz
01-796,Żoliborz
01-797,Wola
01-797,Żoliborz
01-798,Żoliborz
01-801,Bielany
01-802,Bielany
01-803,Bielany
01-804,Bielany
01-805,Bielany
01-806,Bielany
01-807,Bielany
01-808,Bielany
01-809,Bielany
01-810,Bielany
01-811,Bielany
01-812,Bielany
01-813,Bielany
01-815,Bielany
01-817,Bielany
01-818,Bielany
01-819,Bielany
01-820,Bielany
01-821,Bielany
01-822,Bielany
01-823,Bielany
01-824,Bielany
01-825,Bielany
01-826,Bielany
01-827,Bielany
01-828,Bielany
01-829,Bielany
01-830,Bielany
01-831,Bielany
01-832,Bielany
01-833,Bielany
01-834,Bielany
01-835,Bielany
01-836,Bielany
01-838,Bielany
01-839,Bielany
01-840,Bielany
01-841,Bielany
01-842,Bielany
01-843,Bielany
01-844,Bielany
01-845,Bielany
01-846,Bielany
01-848,Bielany
01-849,Bielany
01-850,Bielany
01-851,Bielany
01-852,Bielany
01-853,Bielany
01-854,Bielany
01-855,Bielany
01-856,Bielany
01-857,Bielany
01-858,Bielany
01-859,Bielany
01-860,Bielany
01-861,Bielany
01-862,Bielany
01-863,Bielany
01-864,Bielany
01-865,Bielany
01-866,Bielany
01-867,Bielany
01-868,Bielany
01-869,Bielany
01-870,Bielany
01-871,Bielany
01-872,Bielany
01-873,Bielany
01-874,Bielany
01-875,Bielany
01-876,Bielany
01-877,Bielany
01-881,Bielany
01-882,Bielany
01-883,Bielany
01-884,Bielany
01-885,Bielany
01-886,Bielany
01-887,Bielany
01-890,Bielany
01-891,Bielany
01-892,Bielany
01-893,Bielany
01-903,Bielany
01-904,Bielany
01-905,Bielany
01-908,Bielany
01-909,Bielany
01-910,Bielany
01-911,Bielany
01-912,Bielany
01-913,Bielany
01-914,Bielany
01-915,Bielany
01-916,Bielany
01-917,Bielany
01-918,Bielany
01-919,Bielany
01-920,Bielany
01-921,Bielany
01-922,Bielany
01-923,Bielany
01-924,Bielany
01-925,Bielany
01-926,Bielany
01-927,Bielany
01-928,Bielany
01-929,Bielany
01-930,Bielany
01-931,Bielany
01-932,Bielany
01-934,Bielany
01-935,Bielany
01-936,Bielany
01-937,Bielany
01-938,Bielany
01-939,Bielany
01-940,Bielany
01-941,Bielany
01-942,Bielany
01-943,Bielany
01-944,Bielany
01-946,Bielany
01-947,Bielany
01-948,Bielany
01-949,Bielany
01-950,Bielany
01-951,Bielany
01-952,Bielany
01-953,Bielany
01-954,Bielany
01-956,Bielany
01-957,Bielany
01-958,Bielany
01-960,Bielany
01-961,Bielany
01-962,Bielany
01-963,Bielany
01-964,Bielany
01-966,Bielany
01-968,Bielany
01-969,Bielany
01-970,Bielany
01-971,Bielany
01-972,Bielany
01-973,Bielany
01-974,Bielany
01-975,Bielany
01-976,Bielany
01-977,Bielany
01-978,Bielany
01-979,Bielany
01-980,Bielany
01-981,Bielany
01-982,Bielany
01-983,Bielany
01-985,Bielany
01-986,Bielany
01-987,Bielany
01-988,Bielany
01-989,Bielany
01-990,Bielany
01-991,Bielany
01-992,Bielany
01-993,Bielany
01-994,Bielany
01-995,Bielany
02-001,Ochota
02-002,Ochota
02-004,Ochota
02-005,Ochota
02-006,Ochota
02-007,Ochota
02-008,Ochota
02-009,Ochota
02-010,Ochota
02-011,Ochota
02-012,Ochota
02-013,Ochota
02-014,Ochota
02-015,Ochota
02-017,Ochota
02-018,Ochota
02-019,Ochota
02-020,Ochota
02-021,Ochota
02-022,Ochota
02-023,Ochota
02-024,Ochota
02-025,Ochota
02-026,Ochota
02-027,Ochota
02-028,Ochota
02-029,Ochota
02-030,Ochota
02-031,Ochota
02-032,Ochota
02-033,Ochota
02-034,Ochota
02-036,Ochota
02-038,Ochota
02-040,Ochota
02-041,Ochota
02-042,Ochota
02-044,Ochota
02-045,Ochota
02-046,Ochota
02-047,Ochota
02-048,Ochota
02-049,Ochota
02-050,Ochota
02-051,Ochota
02-052,Ochota
02-053,Ochota
02-054,Ochota
02-055,Ochota
02-056,Ochota
02-057,Ochota
02-059,Ochota
02-061,Ochota
02-062,Ochota
02-063,Ochota
02-064,Ochota
02-065,Ochota
02-066,Ochota
02-067,Ochota
02-068,Ochota
02-069,Ochota
02-070,Ochota
02-071,Ochota
02-072,Ochota
02-073,Ochota
02-074,Ochota
02-075,Ochota
02-078,Ochota
02-079,Ochota
02-080,Ochota
02-081,Ochota
02-082,Ochota
02-083,Ochota
02-084,Ochota
02-085,Ochota
02-086,Ochota
02-087,Ochota
02-089,Ochota
02-090,Ochota
02-091,Ochota
02-092,Mokotów
02-092,Ochota
02-093,Ochota
02-094,Ochota
02-095,Ochota
02-096,Ochota
02-097,Ochota
02-098,Ochota
02-101,Ochota
02-102,Ochota
02-103,Ochota
02-104,Ochota
02-106,Ochota
02-107,Ochota
02-109,Ochota
02-110,Ochota
02-111,Ochota
02-112,Ochota
02-114,Ochota
02-115,Ochota
02-116,Ochota
02-117,Ochota
02-118,Ochota
02-119,Ochota
02-120,Ochota
02-121,Ochota
02-122,Ochota
02-123,Ochota
02-124,Ochota
02-127,Ochota
02-128,Ochota
02-129,Ochota
02-130,Ochota
02-131,Ochota
02-132,Ochota
02-133,Włochy
02-134,Włochy
02-135,Włochy
02-136,Włochy
02-137,Włochy
02-138,Włochy
02-139,Włochy
02-140,Włochy
02-141,Włochy
02-142,Włochy
02-143,Włochy
02-143,Ochota
02-144,Włochy
02-145,Włochy
02-146,Włochy
02-147,Włochy
02-148,Włochy
02-149,Włochy
02-150,Włochy
02-151,Włochy
02-152,Włochy
02-153,Włochy
02-154,Włochy
02-155,Włochy
02-156,Włochy
02-157,Włochy
02-158,Włochy
02-159,Włochy
02-160,Włochy
02-161,Włochy
02-162,Włochy
02-163,Włochy
02-164,Włochy
02-165,Włochy
02-166,Włochy
02-168,Włochy
02-169,Włochy
02-170,Włochy
02-172,Włochy
02-173,Włochy
02-174,Włochy
02-175,Włochy
02-176,Włochy
02-177,Włochy
02-178,Włochy
02-179,Włochy
02-180,Włochy
02-181,Włochy
02-182,Włochy
02-183,Włochy
02-184,Włochy
02-186,Włochy
02-187,Włochy
02-188,Włochy
02-189,Włochy
02-190,Włochy
02-191,Włochy
02-192,Włochy
02-194,Włochy
02-195,Włochy
02-196,Włochy
02-197,Włochy
02-198,Włochy
02-201,Ochota
02-202,Ochota
02-203,Ochota
02-204,Ochota
02-205,Ochota
02-206,Ochota
02-207,Ochota
02-208,Ochota
02-209,Ochota
02-210,Włochy
02-211,Włochy
02-212,Włochy
02-213,Włochy
02-214,Włochy
02-215,Włochy
02-216,Włochy
02-217,Włochy
02-219,Włochy
02-220,Włochy
02-221,Włochy
02-222,Włochy
02-222,Ochota
02-222,Ursus
02-223,Włochy
02-224,Włochy
02-225,Włochy
02-226,Włochy
02-227,Włochy
02-228,Włochy
02-229,Włochy
02-230,Włochy
02-231,Włochy
02-232,Włochy
02-233,Włochy
02-234,Włochy
02-235,Włochy
02-236,Włochy
02-237,Włochy
02-238,Włochy
02-239,Włochy
02-240,Włochy
02-241,Włochy
02-242,Włochy
02-243,Włochy
02-244,Włochy
02-246,Włochy
02-247,Włochy
02-248,Włochy
02-249,Włochy
02-250,Włochy
02-251,Włochy
02-252,Włochy
02-253,Włochy
02-254,Włochy
02-255,Włochy
02-256,Włochy
02-257,Włochy
02-258,Włochy
02-259,Włochy
02-260,Włochy
02-261,Włochy
02-262,Włochy
02-263,Włochy
02-264,Włochy
02-265,Włochy
02-266,Włochy
02-267,Włochy
02-268,Włochy
02-269,Włochy
02-270,Włochy
02-271,Włochy
02-272,Włochy
02-273,Włochy
02-274,Włochy
02-276,Włochy
02-277,Włochy
02-278,Włochy
02-279,Włochy
02-280,Włochy
02-281,Włochy
02-282,Włochy
02-283,Włochy
02-284,Włochy
02-285,Włochy
02-286,Włochy
02-287,Włochy
02-288,Włochy
02-290,Włochy
02-291,Włochy
02-292,Włochy
02-293,Włochy
02-294,Włochy
02-295,Włochy
02-296,Włochy
02-298,Włochy
02-299,Włochy
02-301,Ochota
02-302,Ochota
02-304,Ochota
02-305,Ochota
02-306,Ochota
02-307,Ochota
02-308,Ochota
02-309,Ochota
02-310,Ochota
02-311,Ochota
02-312,Ochota
02-313,Ochota
02-314,Ochota
02-315,Ochota
02-316,Ochota
02-317,Ochota
02-318,Ochota
02-319,Ochota
02-320,Ochota
02-321,Ochota
02-322,Wola
02-323,Ochota
02-324,Ochota
02-325,Ochota
02-326,Ochota
02-327,Ochota
02-334,Ochota
02-335,Ochota
02-336,Ochota
02-337,Ochota
02-337,Wola
02-338,Wola
02-339,Ochota
02-340,Ochota
02-341,Ochota
02-342,Ochota
02-343,Ochota
02-344,Ochota
02-345,Ochota
02-346,Ochota
02-347,Ochota
02-348,Ochota
02-349,Ochota
02-350,Ochota
02-351,Ochota
02-352,Ochota
02-353,Ochota
02-354,Ochota
02-356,Ochota
02-359,Ochota
02-360,Ochota
02-361,Ochota
02-362,Ochota
02-364,Ochota
02-365,Ochota
02-366,Ochota
02-367,Ochota
02-368,Ochota
02-369,Ochota
02-370,Ochota
02-371,Ochota
02-372,Ochota
02-373,Ochota
02-374,Ochota
02-375,Ochota
02-376,Ochota
02-377,Ochota
02-378,Ochota
02-379,Ochota
02-380,Ochota
02-381,Ochota
02-382,Ochota
02-383,Ochota
02-384,Ochota
02-385,Ochota
02-386,Ochota
02-387,Ochota
02-388,Ochota
02-389,Ochota
02-390,Ochota
02-391,Ochota
02-392,Ochota
02-393,Ochota
02-394,Ochota
02-395,Ochota
02-396,Ochota
02-397,Ochota
02-398,Ochota
02-400,Włochy
02-401,Włochy
02-402,Włochy
02-403,Włochy
02-404,Włochy
02-405,Włochy
02-406,Włochy
02-407,Włochy
02-408,Włochy
02-409,Włochy
02-410,Włochy
02-411,Włochy
02-412,Włochy
02-413,Włochy
02-414,Włochy
02-415,Włochy
02-416,Włochy
02-417,Włochy
02-419,Włochy
02-421,Włochy
02-422,Włochy
02-423,Włochy
02-424,Włochy
02-425,Włochy
02-426,Włochy
02-427,Włochy
02-428,Włochy
02-430,Włochy
02-431,Włochy
02-432,Włochy
02-433,Włochy
02-434,Włochy
02-435,Włochy
02-436,Włochy
02-437,Włochy
02-438,Włochy
02-439,Włochy
02-440,Włochy
02-441,Włochy
02-442,Włochy
02-443,Włochy
02-445,Włochy
02-446,Włochy
02-447,Włochy
02-448,Wola
02-448,Włochy
02-449,Włochy
02-450,Włochy
02-451,Włochy
02-452,Włochy
02-453,Ochota
02-454,Włochy
02-455,Włochy
02-456,Włochy
02-457,Włochy
02-458,Włochy
02-459,Włochy
02-460,Włochy
02-461,Włochy
02-462,Włochy
02-463,Włochy
02-464,Włochy
02-465,Włochy
02-466,Włochy
02-467,Włochy
02-468,Włochy
02-469,Włochy
02-470,Włochy
02-471,Włochy
02-472,Włochy
02-473,Włochy
02-479,Włochy
02-480,Włochy
02-481,Włochy
02-482,Włochy
02-483,Włochy
02-484,Włochy
02-485,Włochy
02-486,Włochy
02-487,Włochy
02-488,Włochy
02-489,Włochy
02-490,Włochy
02-491,Włochy
02-492,Włochy
02-493,Włochy
02-494,Włochy
02-495,Ursus
02-496,Ursus
02-497,Ursus
02-501,Mokotów
02-502,Mokotów
02-503,Mokotów
02-504,Mokotów
02-505,Mokotów
02-506,Mokotów
02-507,Mokotów
02-508,Mokotów
02-509,Mokotów
02-510,Mokotów
02-511,Mokotów
02-512,Mokotów
02-513,Mokotów
02-515,Mokotów
02-516,Mokotów
02-517,Mokotów
02-518,Mokotów
02-519,Mokotów
02-520,Mokotów
02-521,Mokotów
02-522,Mokotów
02-524,Mokotów
02-525,Mokotów
02-526,Mokotów
02-527,Mokotów
02-528,Mokotów
02-529,Mokotów
02-530,Mokotów
02-531,Mokotów
02-532,Mokotów
02-533,Mokotów
02-534,Mokotów
02-535,Mokotów
02-536,Mokotów
02-537,Mokotów
02-538,Mokotów
02-539,Mokotów
02-540,Mokotów
02-541,Mokotów
02-543,Mokotów
02-544,Mokotów
02-545,Mokotów
02-546,Mokotów
02-547,Mokotów
02-548,Mokotów
02-549,Mokotów
02-550,Mokotów
02-551,Mokotów
02-552,Mokotów
02-553,Mokotów
02-554,Mokotów
02-555,Mokotów
02-556,Mokotów
02-557,Mokotów
02-558,Mokotów
02-559,Mokotów
02-560,Mokotów
02-561,Mokotów
02-562,Mokotów
02-563,Mokotów
02-564,Mokotów
02-566,Mokotów
02-567,Mokotów
02-568,Mokotów
02-569,Mokotów
02-570,Mokotów
02-571,Mokotów
02-572,Mokotów
02-574,Mokotów
02-575,Mokotów
02-577,Mokotów
02-578,Mokotów
02-579,Mokotów
02-581,Mokotów
02-582,Mokotów
02-583,Mokotów
02-584,Mokotów
02-585,Mokotów
02-586,Mokotów
02-587,Mokotów
02-589,Mokotów
02-590,Mokotów
02-591,Śródmieście
02-591,Mokotów
02-591,Ochota
02-592,Mokotów
02-593,Mokotów
02-594,Mokotów
02-595,Mokotów
02-598,Mokotów
02-601,Mokotów
02-602,Mokotów
02-603,Mokotów
02-604,Mokotów
02-605,Mokotów
02-606,Mokotów
02-607,Mokotów
02-608,Mokotów
02-609,Mokotów
02-610,Mokotów
02-611,Mokotów
02-612,Mokotów
02-613,Mokotów
02-614,Mokotów
02-615,Mokotów
02-616,Mokotów
02-617,Mokotów
02-618,Mokotów
02-619,Mokotów
02-620,Mokotów
02-621,Mokotów
02-622,Mokotów
02-624,Mokotów
02-625,Mokotów
02-626,Mokotów
02-627,Mokotów
02-628,Mokotów
02-629,Mokotów
02-630,Mokotów
02-632,Mokotów
02-633,Mokotów
02-634,Mokotów
02-634,Ochota
02-635,Mokotów
02-636,Mokotów
02-637,Mokotów
02-638,Mokotów
02-639,Mokotów
02-640,Mokotów
02-641,Mokotów
02-642,Mokotów
02-643,Mokotów
02-644,Mokotów
02-645,Mokotów
02-646,Mokotów
02-647,Mokotów
02-648,Mokotów
02-649,Mokotów
02-650,Mokotów
02-651,Mokotów
02-652,Mokotów
02-653,Ochota
02-653,Mokotów
02-654,Mokotów
02-655,Mokotów
02-656,Mokotów
02-657,Mokotów
02-658,Mokotów
02-659,Mokotów
02-660,Mokotów
02-661,Mokotów
02-662,Mokotów
02-663,Mokotów
02-664,Mokotów
02-665,Mokotów
02-666,Mokotów
02-668,Mokotów
02-669,Mokotów
02-670,Mokotów
02-672,Mokotów
02-673,Mokotów
02-674,Mokotów
02-675,Mokotów
02-676,Mokotów
02-677,Mokotów
02-678,Mokotów
02-679,Mokotów
02-680,Mokotów
02-681,Mokotów
02-682,Mokotów
02-682,Ursynów
02-683,Mokotów
02-684,Mokotów
02-684,Ursynów
02-685,Mokotów
02-690,Ursynów
02-690,Mokotów
02-691,Mokotów
02-692,Mokotów
02-693,Mokotów
02-695,Mokotów
02-697,Mokotów
02-698,Mokotów
02-699,Ursynów
02-700,Mokotów
02-701,Mokotów
02-702,Mokotów
02-703,Mokotów
02-704,Mokotów
02-705,Mokotów
02-707,Mokotów
02-708,Mokotów
02-709,Mokotów
02-710,Mokotów
02-711,Mokotów
02-712,Mokotów
02-713,Mokotów
02-714,Mokotów
02-715,Mokotów
02-716,Mokotów
02-717,Mokotów
02-718,Mokotów
02-720,Mokotów
02-722,Mokotów
02-722,Ursynów
02-724,Mokotów
02-725,Mokotów
02-726,Mokotów
02-727,Mokotów
02-728,Mokotów
02-729,Mokotów
02-729,Ursynów
02-730,Mokotów
02-732,Mokotów
02-733,Mokotów
02-735,Mokotów
02-736,Mokotów
02-737,Mokotów
02-738,Mokotów
02-739,Mokotów
02-740,Mokotów
02-743,Mokotów
02-744,Mokotów
02-745,Mokotów
02-746,Mokotów
02-747,Mokotów
02-747,Wilanów
02-747,Ursynów
02-748,Wilanów
02-749,Mokotów
02-749,Ursynów
02-750,Mokotów
02-751,Mokotów
02-752,Mokotów
02-755,Mokotów
02-756,Mokotów
02-757,Mokotów
02-758,Mokotów
02-759,Mokotów
02-760,Mokotów
02-761,Mokotów
02-762,Mokotów
02-763,Mokotów
02-764,Mokotów
02-765,Mokotów
02-766,Mokotów
02-767,Mokotów
02-768,Ursynów
02-768,Mokotów
02-769,Mokotów
02-775,Ursynów
02-776,Ursynów
02-777,Ursynów
02-778,Ursynów
02-780,Ursynów
02-781,Ursynów
02-784,Ursynów
02-785,Ursynów
02-786,Ursynów
02-787,Ursynów
02-787,Mokotów
02-790,Ursynów
02-791,Ursynów
02-792,Ursynów
02-793,Ursynów
02-793,Wilanów
02-795,Ursynów
02-796,Ursynów
02-797,Ursynów
02-797,Wilanów
02-798,Ursynów
02-801,Ursynów
02-803,Ursynów
02-804,Ursynów
02-805,Ursynów
02-806,Ursynów
02-807,Ursynów
02-808,Ursynów
02-809,Ursynów
02-811,Ursynów
02-812,Ursynów
02-814,Ursynów
02-815,Ursynów
02-816,Ursynów
02-817,Ursynów
02-818,Ursynów
02-819,Ursynów
02-820,Ursynów
02-821,Ursynów
02-822,Ursynów
02-823,Ursynów
02-824,Ursynów
02-825,Ursynów
02-826,Ursynów
02-827,Ursynów
02-828,Ursynów
02-829,Ursynów
02-830,Ursynów
02-831,Ursynów
02-832,Ursynów
02-833,Ursynów
02-834,Ursynów
02-835,Ursynów
02-836,Ursynów
02-837,Ursynów
02-838,Ursynów
02-840,Ursynów
02-841,Ursynów
02-842,Ursynów
02-843,Ursynów
02-844,Ursynów
02-845,Ursynów
02-846,Ursynów
02-847,Ursynów
02-849,Ursynów
02-850,Ursynów
02-851,Ursynów
02-852,Ursynów
02-853,Ursynów
02-854,Ursynów
02-855,Ursynów
02-856,Ursynów
02-857,Ursynów
02-858,Ursynów
02-859,Ursynów
02-860,Ursynów
02-862,Ursynów
02-863,Ursynów
02-867,Ursynów
02-868,Ursynów
02-869,Ursynów
02-870,Ursynów
02-871,Ursynów
02-872,Ursynów
02-873,Ursynów
02-874,Ursynów
02-875,Ursynów
02-876,Ursynów
02-877,Ursynów
02-878,Ursynów
02-879,Ursynów
02-881,Ursynów
02-882,Ursynów
02-884,Ursynów
02-885,Ursynów
02-886,Ursynów
02-887,Ursynów
02-888,Ursynów
02-889,Ursynów
02-890,Ursynów
02-891,Ursynów
02-892,Ursynów
02-893,Ursynów
02-900,Mokotów
02-901,Mokotów
02-902,Mokotów
02-903,Mokotów
02-904,Mokotów
02-905,Mokotów
02-907,Mokotów
02-908,Mokotów
02-909,Mokotów
02-910,Mokotów
02-911,Mokotów
02-912,Mokotów
02-913,Mokotów
02-914,Mokotów
02-915,Mokotów
02-916,Mokotów
02-917,Mokotów
02-918,Mokotów
02-920,Mokotów
02-921,Mokotów
02-921,Wilanów
02-922,Mokotów
02-923,Mokotów
02-924,Mokotów
02-925,Mokotów
02-926,Mokotów
02-927,Mokotów
02-928,Mokotów
02-929,Mokotów
02-930,Mokotów
02-932,Mokotów
02-933,Mokotów
02-934,Mokotów
02-935,Mokotów
02-936,Mokotów
02-937,Mokotów
02-938,Mokotów
02-939,Mokotów
02-940,Mokotów
02-941,Mokotów
02-942,Mokotów
02-943,Mokotów
02-945,Mokotów
02-946,Wilanów
02-947,Wilanów
02-948,Wilanów
02-949,Wilanów
02-950,Wilanów
02-951,Wilanów
02-952,Wilanów
02-953,Wilanów
02-954,Wilanów
02-954,Mokotów
02-955,Wilanów
02-956,Wilanów
02-957,Mokotów
02-957,Wilanów
02-958,Wilanów
02-959,Wilanów
02-960,Mokotów
02-960,Wilanów
02-962,Mokotów
02-962,Wilanów
02-963,Wilanów
02-964,Wilanów
02-965,Wilanów
02-966,Wilanów
02-967,Wilanów
02-968,Wilanów
02-969,Wilanów
02-970,Wilanów
02-971,Wilanów
02-971,Ursynów
02-972,Wilanów
02-972,Mokotów
02-973,Ursynów
02-973,Wilanów
02-977,Mokotów
02-978,Mokotów
02-979,Mokotów
02-980,Mokotów
02-981,Wilanów
02-981,Mokotów
02-982,Wilanów
02-983,Mokotów
02-984,Mokotów
02-985,Mokotów
02-986,Wilanów
02-987,Wilanów
02-988,Wilanów
02-989,Wilanów
02-990,Wilanów
02-991,Wilanów
02-992,Wilanów
02-993,Wilanów
02-994,Wilanów
02-995,Wilanów
02-996,Wilanów
02-997,Wilanów
02-998,Wilanów
02-999,Wilanów
02-999,Mokotów
03-001,Białołęka
03-002,Białołęka
03-003,Białołęka
03-004,Białołęka
03-005,Białołęka
03-007,Białołęka
03-008,Białołęka
03-009,Białołęka
03-011,Białołęka
03-012,Białołęka
03-013,Białołęka
03-015,Białołęka
03-016,Białołęka
03-017,Białołęka
03-018,Białołęka
03-019,Białołęka
03-020,Białołęka
03-021,Białołęka
03-022,Białołęka
03-024,Białołęka
03-025,Białołęka
03-026,Białołęka
03-028,Białołęka
03-029,Białołęka
03-030,Białołęka
03-031,Białołęka
03-032,Białołęka
03-033,Białołęka
03-034,Białołęka
03-035,Białołęka
03-036,Białołęka
03-037,Białołęka
03-041,Białołęka
03-042,Białołęka
03-043,Białołęka
03-044,Białołęka
03-046,Białołęka
03-050,Białołęka
03-051,Białołęka
03-053,Białołęka
03-054,Białołęka
03-055,Białołęka
03-059,Białołęka
03-061,Białołęka
03-062,Białołęka
03-063,Białołęka
03-064,Białołęka
03-068,Białołęka
03-069,Białołęka
03-071,Białołęka
03-074,Białołęka
03-075,Białołęka
03-076,Białołęka
03-077,Białołęka
03-079,Białołęka
03-081,Białołęka
03-082,Białołęka
03-083,Białołęka
03-085,Białołęka
03-087,Białołęka
03-088,Białołęka
03-089,Białołęka
03-090,Białołęka
03-092,Białołęka
03-093,Białołęka
03-101,Białołęka
03-102,Białołęka
03-103,Białołęka
03-104,Białołęka
03-105,Białołęka
03-106,Białołęka
03-107,Białołęka
03-108,Białołęka
03-109,Białołęka
03-110,Białołęka
03-111,Białołęka
03-112,Białołęka
03-113,Białołęka
03-114,Białołęka
03-115,Białołęka
03-116,Białołęka
03-117,Białołęka
03-118,Białołęka
03-119,Białołęka
03-120,Białołęka
03-122,Białołęka
03-123,Białołęka
03-125,Białołęka
03-126,Białołęka
03-127,Białołęka
03-128,Białołęka
03-129,Białołęka
03-130,Białołęka
03-131,Białołęka
03-133,Białołęka
03-134,Białołęka
03-135,Białołęka
03-136,Białołęka
03-137,Białołęka
03-138,Białołęka
03-139,Białołęka
03-140,Białołęka
03-141,Białołęka
03-142,Białołęka
03-143,Białołęka
03-144,Białołęka
03-145,Białołęka
03-146,Białołęka
03-147,Białołęka
03-149,Białołęka
03-151,Białołęka
03-152,Białołęka
03-153,Białołęka
03-154,Białołęka
03-155,Białołęka
03-156,Białołęka
03-157,Białołęka
03-158,Białołęka
03-159,Białołęka
03-160,Białołęka
03-161,Białołęka
03-162,Białołęka
03-163,Białołęka
03-164,Białołęka
03-165,Białołęka
03-166,Białołęka
03-167,Białołęka
03-168,Białołęka
03-170,Białołęka
03-171,Białołęka
03-172,Białołęka
03-173,Białołęka
03-174,Białołęka
03-175,Białołęka
03-176,Białołęka
03-178,Białołęka
03-179,Białołęka
03-180,Białołęka
03-181,Białołęka
03-182,Białołęka
03-183,Białołęka
03-184,Białołęka
03-185,Białołęka
03-186,Białołęka
03-187,Białołęka
03-188,Białołęka
03-190,Białołęka
03-191,Białołęka
03-192,Białołęka
03-193,Białołęka
03-194,Białołęka
03-195,Białołęka
03-196,Białołęka
03-197,Białołęka
03-198,Białołęka
03-199,Białołęka
03-201,Targówek
03-202,Targówek
03-203,Targówek
03-204,Targówek
03-206,Targówek
03-207,Targówek
03-208,Targówek
03-209,Targówek
03-213,Targówek
03-213,Białołęka
03-214,Targówek
03-215,Praga-Północ
03-216,Białołęka
03-219,Białołęka
03-226,Białołęka
03-226,Targówek
03-228,Białołęka
03-230,Białołęka
03-231,Białołęka
03-233,Białołęka
03-236,Białołęka
03-237,Białołęka
03-238,Białołęka
03-241,Targówek
03-242,Targówek
03-243,Targówek
03-244,Białołęka
03-246,Targówek
03-249,Targówek
03-251,Białołęka
03-252,Targówek
03-253,Białołęka
03-254,Targówek
03-255,Białołęka
03-256,Białołęka
03-257,Białołęka
03-259,Białołęka
03-260,Białołęka
03-262,Białołęka
03-264,Białołęka
03-265,Białołęka
03-266,Białołęka
03-267,Białołęka
03-270,Białołęka
03-272,Białołęka
03-274,Białołęka
03-276,Białołęka
03-279,Białołęka
03-279,Targówek
03-281,Targówek
03-284,Targówek
03-285,Targówek
03-286,Targówek
03-287,Targówek
03-287,Białołęka
03-288,Targówek
03-289,Białołęka
03-289,Targówek
03-290,Białołęka
03-291,Białołęka
03-291,Targówek
03-294,Targówek
03-299,Białołęka
03-301,Praga-Północ
03-302,Praga-Północ
03-303,Praga-Północ
03-305,Praga-Północ
03-307,Praga-Północ
03-308,Praga-Północ
03-309,Targówek
03-309,Praga-Północ
03-310,Targówek
03-315,Targówek
03-316,Targówek
03-317,Targówek
03-318,Targówek
03-320,Targówek
03-321,Targówek
03-322,Targówek
03-324,Targówek
03-325,Targówek
03-329,Targówek
03-331,Targówek
03-332,Targówek
03-334,Targówek
03-335,Targówek
03-337,Targówek
03-338,Targówek
03-340,Targówek
03-341,Targówek
03-343,Targówek
03-345,Targówek
03-349,Targówek
03-350,Targówek
03-352,Targówek
03-353,Targówek
03-355,Targówek
03-356,Targówek
03-357,Targówek
03-358,Targówek
03-359,Targówek
03-360,Targówek
03-361,Targówek
03-362,Targówek
03-363,Targówek
03-365,Targówek
03-368,Targówek
03-369,Targówek
03-371,Targówek
03-372,Targówek
03-374,Targówek
03-375,Targówek
03-376,Targówek
03-377,Targówek
03-378,Targówek
03-379,Targówek
03-380,Targówek
03-381,Targówek
03-382,Targówek
03-383,Targówek
03-384,Targówek
03-385,Targówek
03-388,Targówek
03-390,Targówek
03-391,Targówek
03-392,Targówek
03-393,Targówek
03-394,Targówek
03-395,Targówek
03-396,Targówek
03-397,Targówek
03-401,Praga-Północ
03-402,Praga-Północ
03-403,Praga-Północ
03-404,Praga-Północ
03-405,Praga-Północ
03-406,Praga-Północ
03-407,Praga-Północ
03-408,Praga-Północ
03-409,Praga-Północ
03-410,Praga-Północ
03-411,Praga-Północ
03-412,Praga-Północ
03-414,Praga-Północ
03-415,Praga-Północ
03-416,Praga-Północ
03-417,Praga-Północ
03-418,Praga-Północ
03-419,Praga-Północ
03-420,Praga-Północ
03-422,Praga-Północ
03-423,Praga-Północ
03-424,Praga-Północ
03-425,Praga-Północ
03-426,Praga-Północ
03-427,Praga-Północ
03-428,Praga-Północ
03-429,Praga-Północ
03-430,Praga-Północ
03-431,Praga-Północ
03-432,Praga-Północ
03-433,Praga-Północ
03-435,Praga-Północ
03-436,Praga-Północ
03-437,Praga-Północ
03-438,Praga-Północ
03-439,Praga-Północ
03-440,Praga-Północ
03-441,Praga-Północ
03-442,Praga-Północ
03-443,Praga-Północ
03-444,Praga-Północ
03-445,Praga-Północ
03-446,Praga-Północ
03-447,Praga-Północ
03-448,Praga-Północ
03-450,Praga-Północ
03-451,Praga-Północ
03-452,Praga-Północ
03-453,Praga-Północ
03-454,Praga-Północ
03-455,Praga-Północ
03-456,Praga-Północ
03-458,Praga-Północ
03-459,Praga-Północ
03-460,Praga-Północ
03-461,Praga-Północ
03-462,Praga-Północ
03-463,Praga-Północ
03-464,Praga-Północ
03-465,Praga-Północ
03-468,Praga-Północ
03-469,Praga-Północ
03-470,Praga-Północ
03-471,Praga-Północ
03-472,Praga-Północ
03-473,Praga-Północ
03-474,Praga-Północ
03-475,Praga-Północ
03-476,Praga-Północ
03-477,Praga-Północ
03-478,Praga-Północ
03-480,Praga-Północ
03-481,Praga-Północ
03-482,Praga-Północ
03-484,Praga-Północ
03-485,Praga-Północ
03-486,Praga-Północ
03-488,Praga-Północ
03-489,Praga-Północ
03-490,Praga-Północ
03-501,Targówek
03-502,Targówek
03-503,Targówek
03-504,Targówek
03-505,Targówek
03-506,Targówek
03-507,Targówek
03-509,Targówek
03-510,Targówek
03-511,Targówek
03-512,Targówek
03-514,Targówek
03-515,Targówek
03-516,Targówek
03-517,Targówek
03-518,Targówek
03-519,Targówek
03-521,Targówek
03-522,Targówek
03-523,Targówek
03-524,Targówek
03-525,Targówek
03-526,Targówek
03-528,Targówek
03-529,Targówek
03-530,Targówek
03-531,Targówek
03-532,Targówek
03-533,Targówek
03-534,Targówek
03-535,Targówek
03-536,Targówek
03-538,Targówek
03-539,Targówek
03-540,Targówek
03-541,Targówek
03-542,Targówek
03-543,Targówek
03-544,Targówek
03-545,Targówek
03-546,Targówek
03-547,Targówek
03-548,Targówek
03-549,Targówek
03-550,Targówek
03-551,Targówek
03-552,Targówek
03-553,Targówek
03-554,Targówek
03-556,Targówek
03-557,Targówek
03-558,Targówek
03-560,Targówek
03-561,Targówek
03-562,Targówek
03-563,Targówek
03-564,Targówek
03-565,Targówek
03-566,Targówek
03-567,Targówek
03-569,Targówek
03-571,Targówek
03-572,Targówek
03-574,Targówek
03-575,Targówek
03-576,Targówek
03-577,Targówek
03-578,Targówek
03-579,Targówek
03-580,Targówek
03-581,Targówek
03-582,Targówek
03-583,Targówek
03-584,Targówek
03-585,Targówek
03-586,Targówek
03-587,Targówek
03-588,Targówek
03-589,Targówek
03-590,Targówek
03-592,Targówek
03-593,Targówek
03-594,Targówek
03-595,Targówek
03-596,Targówek
03-597,Targówek
03-598,Targówek
03-599,Targówek
03-601,Targówek
03-602,Targówek
03-603,Targówek
03-604,Targówek
03-605,Targówek
03-606,Targówek
03-607,Targówek
03-608,Targówek
03-609,Targówek
03-610,Targówek
03-611,Targówek
03-612,Targówek
03-613,Targówek
03-614,Targówek
03-616,Targówek
03-617,Targówek
03-618,Targówek
03-619,Targówek
03-620,Targówek
03-621,Targówek
03-622,Targówek
03-623,Targówek
03-624,Targówek
03-625,Targówek
03-626,Targówek
03-627,Targówek
03-628,Targówek
03-629,Targówek
03-630,Targówek
03-631,Targówek
03-632,Targówek
03-633,Targówek
03-634,Targówek
03-636,Targówek
03-637,Targówek
03-638,Targówek
03-639,Targówek
03-640,Targówek
03-641,Targówek
03-642,Targówek
03-643,Targówek
03-644,Targówek
03-645,Targówek
03-646,Targówek
03-647,Targówek
03-648,Targówek
03-649,Targówek
03-650,Targówek
03-652,Targówek
03-653,Targówek
03-654,Targówek
03-655,Targówek
03-656,Targówek
03-657,Targówek
03-658,Targówek
03-659,Targówek
03-660,Targówek
03-661,Targówek
03-662,Targówek
03-663,Targówek
03-664,Targówek
03-665,Targówek
03-666,Targówek
03-667,Targówek
03-668,Targówek
03-671,Targówek
03-672,Targówek
03-673,Targówek
03-674,Targówek
03-675,Targówek
03-676,Targówek
03-677,Targówek
03-678,Targówek
03-679,Targówek
03-680,Targówek
03-681,Targówek
03-682,Targówek
03-683,Targówek
03-684,Targówek
03-685,Targówek
03-686,Targówek
03-687,Targówek
03-688,Targówek
03-689,Targówek
03-690,Targówek
03-691,Targówek
03-692,Targówek
03-693,Targówek
03-694,Targówek
03-695,Targówek
03-696,Targówek
03-697,Targówek
03-698,Targówek
03-699,Targówek
03-701,Praga-Północ
03-703,Praga-Północ
03-704,Praga-Północ
03-705,Praga-Północ
03-707,Praga-Północ
03-708,Praga-Północ
03-709,Praga-Północ
03-710,Praga-Północ
03-711,Praga-Północ
03-712,Praga-Północ
03-713,Praga-Północ
03-714,Praga-Północ
03-715,Praga-Północ
03-716,Praga-Północ
03-717,Praga-Północ
03-718,Praga-Północ
03-719,Praga-Północ
03-720,Praga-Północ
03-721,Praga-Północ
03-722,Praga-Północ
03-724,Praga-Północ
03-724,Praga-Południe
03-727,Praga-Południe
03-727,Praga-Północ
03-728,Praga-Północ
03-729,Praga-Północ
03-730,Praga-Północ
03-731,Praga-Północ
03-731,Praga-Południe
03-732,Praga-Północ
03-733,Praga-Północ
03-734,Praga-Północ
03-735,Praga-Północ
03-736,Praga-Północ
03-737,Praga-Północ
03-738,Praga-Północ
03-739,Praga-Północ
03-740,Praga-Północ
03-741,Praga-Północ
03-742,Praga-Północ
03-743,Praga-Północ
03-744,Praga-Północ
03-745,Praga-Północ
03-746,Praga-Północ
03-747,Praga-Północ
03-748,Praga-Północ
03-749,Praga-Północ
03-750,Praga-Północ
03-751,Praga-Północ
03-752,Praga-Północ
03-753,Praga-Północ
03-754,Praga-Północ
03-755,Praga-Północ
03-756,Praga-Północ
03-757,Praga-Północ
03-758,Praga-Północ
03-759,Praga-Północ
03-761,Praga-Północ
03-762,Praga-Północ
03-763,Praga-Północ
03-764,Praga-Północ
03-766,Praga-Północ
03-767,Praga-Północ
03-768,Praga-Północ
03-769,Praga-Północ
03-770,Praga-Północ
03-771,Praga-Północ
03-772,Praga-Północ
03-774,Praga-Północ
03-775,Praga-Północ
03-778,Targówek
03-779,Targówek
03-780,Targówek
03-781,Targówek
03-782,Targówek
03-784,Targówek
03-785,Targówek
03-786,Targówek
03-787,Targówek
03-788,Targówek
03-789,Targówek
03-790,Targówek
03-791,Targówek
03-792,Targówek
03-793,Targówek
03-794,Targówek
03-795,Targówek
03-796,Targówek
03-797,Targówek
03-798,Targówek
03-799,Targówek
03-801,Praga-Południe
03-801,Praga-Północ
03-802,Praga-Południe
03-803,Praga-Południe
03-804,Praga-Południe
03-805,Praga-Południe
03-806,Praga-Południe
03-807,Praga-Południe
03-808,Praga-Południe
03-809,Praga-Południe
03-810,Praga-Południe
03-811,Praga-Południe
03-812,Praga-Południe
03-813,Praga-Południe
03-814,Praga-Południe
03-815,Praga-Południe
03-816,Praga-Południe
03-821,Praga-Południe
03-822,Praga-Południe
03-823,Praga-Południe
03-824,Praga-Południe
03-825,Praga-Południe
03-826,Praga-Południe
03-828,Praga-Południe
03-829,Praga-Południe
03-831,Praga-Południe
03-832,Praga-Południe
03-833,Praga-Południe
03-834,Praga-Południe
03-835,Praga-Południe
03-836,Praga-Południe
03-838,Praga-Południe
03-839,Praga-Południe
03-840,Praga-Południe
03-841,Praga-Południe
03-842,Praga-Południe
03-844,Praga-Południe
03-846,Praga-Południe
03-847,Praga-Południe
03-849,Praga-Południe
03-866,Targówek
03-867,Targówek
03-868,Targówek
03-869,Targówek
03-870,Targówek
03-871,Targówek
03-872,Praga-Południe
03-872,Targówek
03-873,Targówek
03-874,Targówek
03-875,Targówek
03-876,Targówek
03-877,Targówek
03-878,Targówek
03-879,Targówek
03-885,Targówek
03-886,Targówek
03-887,Targówek
03-888,Targówek
03-889,Targówek
03-890,Targówek
03-891,Targówek
03-892,Targówek
03-893,Targówek
03-901,Praga-Południe
03-902,Praga-Południe
03-903,Praga-Południe
03-904,Praga-Południe
03-905,Praga-Południe
03-906,Praga-Południe
03-907,Praga-Południe
03-908,Praga-Południe
03-909,Praga-Południe
03-910,Praga-Południe
03-911,Praga-Południe
03-913,Praga-Południe
03-914,Praga-Południe
03-915,Praga-Południe
03-916,Praga-Południe
03-917,Praga-Południe
03-918,Praga-Południe
03-919,Praga-Południe
03-920,Praga-Południe
03-921,Praga-Południe
03-922,Praga-Południe
03-923,Praga-Południe
03-924,Praga-Południe
03-925,Praga-Południe
03-926,Praga-Południe
03-927,Praga-Południe
03-928,Praga-Południe
03-929,Praga-Południe
03-930,Praga-Południe
03-931,Praga-Południe
03-932,Praga-Południe
03-933,Praga-Południe
03-934,Praga-Południe
03-935,Praga-Południe
03-936,Praga-Południe
03-937,Praga-Południe
03-938,Praga-Południe
03-939,Praga-Południe
03-940,Praga-Południe
03-941,Praga-Południe
03-942,Praga-Południe
03-943,Praga-Południe
03-944,Praga-Południe
03-945,Praga-Południe
03-946,Praga-Południe
03-947,Praga-Południe
03-948,Praga-Południe
03-949,Praga-Południe
03-952,Praga-Południe
03-953,Praga-Południe
03-954,Praga-Południe
03-955,Praga-Południe
03-956,Praga-Południe
03-957,Praga-Południe
03-963,Praga-Południe
03-964,Praga-Południe
03-965,Praga-Południe
03-966,Praga-Południe
03-967,Praga-Południe
03-968,Praga-Południe
03-969,Praga-Południe
03-970,Praga-Południe
03-971,Praga-Południe
03-972,Praga-Południe
03-973,Praga-Południe
03-974,Praga-Południe
03-975,Praga-Południe
03-976,Praga-Południe
03-977,Praga-Południe
03-978,Praga-Południe
03-980,Praga-Południe
03-980,Wawer
03-982,Wawer
03-982,Praga-Południe
03-983,Praga-Południe
03-984,Wawer
03-984,Praga-Południe
03-985,Wawer
03-986,Wawer
03-987,Wawer
03-988,Praga-Południe
03-989,Wawer
03-990,Wawer
03-991,Wawer
03-992,Wawer
03-993,Wawer
03-994,Wawer
03-994,Praga-Południe
03-995,Wawer
04-001,Praga-Południe
04-002,Praga-Południe
04-003,Praga-Południe
04-004,Praga-Południe
04-005,Praga-Południe
04-007,Praga-Południe
04-008,Praga-Południe
04-009,Praga-Południe
04-010,Praga-Południe
04-011,Praga-Południe
04-013,Praga-Południe
04-014,Praga-Południe
04-015,Praga-Południe
04-016,Praga-Południe
04-017,Praga-Południe
04-019,Praga-Południe
04-020,Praga-Południe
04-022,Praga-Południe
04-023,Praga-Południe
04-024,Praga-Południe
04-025,Praga-Południe
04-026,Praga-Południe
04-027,Praga-Południe
04-028,Praga-Południe
04-029,Praga-Południe
04-030,Praga-Południe
04-031,Praga-Południe
04-032,Praga-Południe
04-033,Praga-Południe
04-034,Praga-Południe
04-035,Praga-Południe
04-036,Praga-Południe
04-038,Praga-Południe
04-039,Praga-Południe
04-040,Praga-Południe
04-041,Praga-Południe
04-042,Praga-Południe
04-044,Praga-Południe
04-045,Praga-Południe
04-046,Praga-Południe
04-047,Praga-Południe
04-048,Praga-Południe
04-049,Praga-Południe
04-050,Praga-Południe
04-051,Praga-Południe
04-052,Praga-Południe
04-053,Praga-Południe
04-055,Praga-Południe
04-057,Praga-Południe
04-058,Praga-Południe
04-059,Praga-Południe
04-060,Praga-Południe
04-062,Praga-Południe
04-063,Praga-Południe
04-064,Praga-Południe
04-065,Praga-Południe
04-066,Praga-Południe
04-067,Praga-Południe
04-068,Praga-Południe
04-069,Praga-Południe
04-072,Praga-Południe
04-073,Praga-Południe
04-074,Praga-Południe
04-076,Praga-Południe
04-077,Praga-Południe
04-078,Praga-Południe
04-079,Praga-Południe
04-080,Praga-Południe
04-081,Praga-Południe
04-082,Praga-Południe
04-083,Praga-Południe
04-085,Praga-Południe
04-086,Praga-Południe
04-087,Praga-Południe
04-088,Praga-Południe
04-089,Praga-Południe
04-090,Praga-Południe
04-091,Praga-Południe
04-092,Praga-Południe
04-101,Praga-Południe
04-102,Praga-Południe
04-105,Praga-Południe
04-106,Praga-Południe
04-109,Praga-Południe
04-110,Praga-Południe
04-111,Praga-Południe
04-112,Praga-Południe
04-113,Praga-Południe
04-116,Praga-Południe
04-118,Praga-Południe
04-119,Praga-Południe
04-120,Praga-Południe
04-121,Praga-Południe
04-123,Praga-Południe
04-124,Praga-Południe
04-125,Praga-Południe
04-127,Praga-Południe
04-128,Praga-Południe
04-129,Praga-Południe
04-131,Praga-Południe
04-133,Praga-Południe
04-134,Praga-Południe
04-136,Praga-Południe
04-137,Praga-Południe
04-138,Praga-Południe
04-139,Praga-Południe
04-142,Praga-Południe
04-143,Praga-Południe
04-144,Praga-Południe
04-145,Praga-Południe
04-146,Praga-Południe
04-147,Praga-Południe
04-148,Praga-Południe
04-149,Praga-Południe
04-151,Praga-Południe
04-152,Praga-Południe
04-154,Praga-Południe
04-155,Praga-Południe
04-156,Praga-Południe
04-157,Praga-Południe
04-158,Praga-Południe
04-160,Praga-Południe
04-161,Praga-Południe
04-163,Praga-Południe
04-164,Praga-Południe
04-167,Praga-Południe
04-169,Praga-Południe
04-170,Praga-Południe
04-171,Praga-Południe
04-172,Praga-Południe
04-173,Praga-Południe
04-174,Praga-Południe
04-175,Praga-Południe
04-180,Praga-Południe
04-183,Praga-Południe
04-185,Praga-Południe
04-186,Praga-Południe
04-187,Praga-Południe
04-188,Praga-Południe
04-189,Praga-Południe
04-190,Praga-Południe
04-191,Praga-Południe
04-192,Praga-Południe
04-193,Praga-Południe
04-193,Wawer
04-194,Praga-Południe
04-202,Praga-Południe
04-202,Wawer
04-203,Praga-Południe
04-204,Praga-Południe
04-205,Wawer
04-205,Praga-Południe
04-206,Praga-Południe
04-206,Wawer
04-207,Praga-Południe
04-208,Praga-Południe
04-210,Praga-Południe
04-211,Praga-Południe
04-212,Praga-Południe
04-213,Praga-Południe
04-214,Praga-Południe
04-215,Praga-Południe
04-216,Praga-Południe
04-217,Praga-Południe
04-218,Praga-Południe
04-219,Praga-Południe
04-221,Praga-Południe
04-222,Praga-Południe
04-223,Praga-Południe
04-224,Praga-Południe
04-226,Wawer
04-227,Wawer
04-228,Wawer
04-230,Wawer
04-231,Wawer
04-232,Wawer
04-233,Wawer
04-234,Wawer
04-235,Wawer
04-237,Wawer
04-238,Wawer
04-239,Rembertów
04-240,Wawer
04-241,Rembertów
04-242,Rembertów
04-242,Wawer
04-243,Rembertów
04-244,Rembertów
04-246,Rembertów
04-246,Wawer
04-246,Praga-Południe
04-247,Rembertów
04-248,Rembertów
04-252,Rembertów
04-253,Rembertów
04-254,Rembertów
04-255,Rembertów
04-256,Rembertów
04-257,Rembertów
04-258,Rembertów
04-259,Rembertów
04-260,Rembertów
04-261,Rembertów
04-262,Rembertów
04-263,Rembertów
04-266,Rembertów
04-267,Rembertów
04-268,Rembertów
04-269,Rembertów
04-270,Rembertów
04-271,Rembertów
04-272,Rembertów
04-273,Rembertów
04-274,Rembertów
04-275,Rembertów
04-275,Praga-Południe
04-276,Rembertów
04-277,Rembertów
04-278,Rembertów
04-280,Praga-Południe
04-281,Praga-Południe
04-282,Praga-Południe
04-283,Praga-Południe
04-284,Praga-Południe
04-285,Praga-Południe
04-287,Praga-Południe
04-288,Praga-Południe
04-289,Praga-Południe
04-290,Praga-Południe
04-291,Praga-Południe
04-292,Praga-Południe
04-293,Praga-Południe
04-294,Praga-Południe
04-301,Praga-Południe
04-302,Praga-Południe
04-303,Praga-Południe
04-304,Praga-Południe
04-305,Praga-Południe
04-306,Praga-Południe
04-307,Praga-Południe
04-308,Praga-Południe
04-309,Praga-Południe
04-310,Praga-Południe
04-311,Praga-Południe
04-312,Praga-Południe
04-313,Praga-Południe
04-314,Praga-Południe
04-316,Praga-Południe
04-317,Praga-Południe
04-319,Praga-Południe
04-320,Praga-Południe
04-321,Praga-Południe
04-322,Praga-Południe
04-323,Praga-Południe
04-324,Praga-Południe
04-325,Praga-Południe
04-326,Praga-Południe
04-327,Praga-Południe
04-328,Praga-Południe
04-329,Praga-Południe
04-330,Praga-Południe
04-331,Praga-Południe
04-332,Praga-Południe
04-333,Praga-Południe
04-334,Praga-Południe
04-335,Praga-Południe
04-336,Praga-Południe
04-337,Praga-Południe
04-338,Praga-Południe
04-339,Praga-Południe
04-341,Praga-Południe
04-342,Praga-Południe
04-343,Praga-Południe
04-344,Praga-Południe
04-345,Praga-Południe
04-346,Praga-Południe
04-347,Praga-Południe
04-348,Praga-Południe
04-349,Praga-Południe
04-350,Praga-Południe
04-351,Praga-Południe
04-352,Praga-Południe
04-353,Praga-Południe
04-354,Praga-Południe
04-355,Praga-Południe
04-356,Praga-Południe
04-357,Praga-Południe
04-359,Praga-Południe
04-360,Praga-Południe
04-361,Praga-Południe
04-362,Praga-Południe
04-363,Praga-Południe
04-364,Praga-Południe
04-365,Praga-Południe
04-366,Praga-Południe
04-367,Praga-Południe
04-368,Praga-Południe
04-369,Praga-Południe
04-370,Praga-Południe
04-371,Praga-Południe
04-372,Praga-Południe
04-373,Praga-Południe
04-375,Praga-Południe
04-376,Praga-Południe
04-377,Praga-Południe
04-378,Praga-Południe
04-379,Praga-Południe
04-380,Praga-Południe
04-381,Praga-Południe
04-382,Praga-Południe
04-384,Praga-Południe
04-385,Praga-Południe
04-386,Praga-Południe
04-387,Praga-Południe
04-388,Praga-Południe
04-389,Praga-Południe
04-390,Praga-Południe
04-391,Praga-Południe
04-392,Praga-Południe
04-393,Praga-Południe
04-394,Praga-Południe
04-395,Praga-Południe
04-396,Praga-Południe
04-397,Praga-Południe
04-398,Praga-Południe
04-401,Rembertów
04-402,Rembertów
04-403,Rembertów
04-404,Rembertów
04-406,Rembertów
04-407,Rembertów
04-408,Rembertów
04-409,Rembertów
04-410,Rembertów
04-412,Rembertów
04-413,Rembertów
04-414,Rembertów
04-416,Rembertów
04-417,Rembertów
04-418,Rembertów
04-419,Rembertów
04-420,Rembertów
04-421,Rembertów
04-423,Rembertów
04-424,Rembertów
04-425,Rembertów
04-426,Rembertów
04-428,Rembertów
04-429,Rembertów
04-430,Rembertów
04-431,Rembertów
04-432,Rembertów
04-434,Rembertów
04-435,Rembertów
04-436,Rembertów
04-437,Rembertów
04-438,Rembertów
04-439,Rembertów
04-440,Rembertów
04-441,Rembertów
04-443,Rembertów
04-444,Rembertów
04-445,Rembertów
04-446,Rembertów
04-447,Rembertów
04-448,Rembertów
04-450,Rembertów
04-451,Rembertów
04-452,Rembertów
04-453,Rembertów
04-454,Rembertów
04-455,Rembertów
04-457,Rembertów
04-458,Rembertów
04-459,Targówek
04-459,Rembertów
04-460,Rembertów
04-461,Rembertów
04-462,Rembertów
04-463,Rembertów
04-464,Rembertów
04-465,Rembertów
04-466,Rembertów
04-467,Rembertów
04-468,Rembertów
04-470,Rembertów
04-471,Rembertów
04-473,Rembertów
04-474,Rembertów
04-475,Rembertów
04-476,Rembertów
04-478,Rembertów
04-479,Rembertów
04-480,Rembertów
04-481,Rembertów
04-482,Rembertów
04-483,Rembertów
04-484,Rembertów
04-485,Rembertów
04-487,Rembertów
04-488,Rembertów
04-489,Rembertów
04-491,Rembertów
04-492,Rembertów
04-493,Rembertów
04-494,Rembertów
04-495,Rembertów
04-497,Rembertów
04-498,Rembertów
04-501,Wawer
04-501,Praga-Południe
04-502,Wawer
04-504,Wawer
04-505,Wawer
04-506,Wawer
04-507,Wawer
04-508,Wawer
04-509,Wawer
04-510,Wawer
04-511,Wawer
04-512,Wawer
04-513,Wawer
04-514,Wawer
04-515,Wawer
04-516,Wawer
04-517,Wawer
04-519,Wawer
04-521,Wawer
04-522,Wawer
04-523,Wawer
04-524,Wawer
04-525,Wawer
04-526,Wawer
04-528,Wawer
04-529,Wawer
04-530,Wawer
04-532,Wawer
04-533,Wawer
04-534,Wawer
04-535,Wawer
04-536,Wawer
04-537,Wawer
04-538,Wawer
04-539,Wawer
04-540,Wawer
04-541,Wawer
04-542,Wawer
04-543,Wawer
04-544,Wawer
04-545,Wawer
04-547,Wawer
04-549,Wawer
04-550,Wawer
04-551,Wawer
04-552,Wawer
04-555,Wawer
04-556,Wawer
04-557,Wawer
04-558,Wawer
04-559,Wawer
04-560,Wawer
04-561,Wawer
04-562,Wawer
04-563,Wawer
04-564,Wawer
04-565,Wawer
04-566,Wawer
04-567,Wawer
04-568,Wawer
04-569,Wawer
04-570,Wawer
04-601,Wawer
04-602,Wawer
04-603,Wawer
04-604,Wawer
04-605,Wawer
04-606,Wawer
04-607,Wawer
04-608,Wawer
04-609,Wawer
04-610,Wawer
04-611,Wawer
04-613,Wawer
04-614,Wawer
04-615,Wawer
04-616,Wawer
04-617,Wawer
04-618,Wawer
04-619,Wawer
04-620,Wawer
04-621,Wawer
04-622,Wawer
04-623,Wawer
04-624,Wawer
04-625,Wawer
04-626,Wawer
04-627,Wawer
04-628,Wawer
04-629,Wawer
04-630,Wawer
04-632,Wawer
04-633,Wawer
04-634,Wawer
04-635,Wawer
04-636,Wawer
04-637,Wawer
04-638,Wawer
04-639,Wawer
04-640,Wawer
04-641,Wawer
04-642,Wawer
04-643,Wawer
04-644,Wawer
04-645,Wawer
04-647,Wawer
04-648,Wawer
04-649,Wawer
04-650,Wawer
04-651,Wawer
04-652,Wawer
04-653,Wawer
04-654,Wawer
04-655,Wawer
04-656,Wawer
04-657,Wawer
04-658,Wawer
04-659,Wawer
04-660,Wawer
04-661,Wawer
04-662,Wawer
04-663,Wawer
04-664,Wawer
04-665,Wawer
04-666,Wawer
04-667,Wawer
04-668,Wawer
04-669,Wawer
04-671,Wawer
04-672,Wawer
04-673,Wawer
04-674,Wawer
04-675,Wawer
04-676,Wawer
04-678,Wawer
04-679,Wawer
04-680,Wawer
04-681,Wawer
04-682,Wawer
04-683,Wawer
04-684,Wawer
04-685,Wawer
04-686,Wawer
04-687,Wawer
04-688,Wawer
04-689,Wawer
04-690,Wawer
04-691,Wawer
04-692,Wawer
04-693,Wawer
04-694,Wawer
04-695,Wawer
04-696,Wawer
04-697,Wawer
04-701,Wawer
04-702,Wawer
04-703,Wawer
04-704,Wawer
04-705,Wawer
04-707,Wawer
04-708,Wawer
04-709,Wawer
04-710,Wawer
04-711,Wawer
04-712,Wawer
04-713,Wawer
04-714,Wawer
04-715,Wawer
04-716,Wawer
04-717,Wawer
04-718,Wawer
04-719,Wawer
04-720,Wawer
04-721,Wawer
04-722,Wawer
04-723,Wawer
04-724,Wawer
04-725,Wawer
04-726,Wawer
04-727,Wawer
04-728,Wawer
04-729,Wawer
04-730,Wawer
04-731,Wawer
04-732,Wawer
04-733,Wawer
04-734,Wawer
04-735,Wawer
04-736,Wawer
04-738,Wawer
04-739,Wawer
04-740,Wawer
04-741,Wawer
04-742,Wawer
04-743,Wawer
04-744,Wawer
04-745,Wawer
04-746,Wawer
04-747,Wawer
04-748,Wawer
04-749,Wawer
04-750,Wawer
04-751,Wawer
04-752,Wawer
04-754,Wawer
04-755,Wawer
04-756,Wawer
04-757,Wawer
04-758,Wawer
04-760,Wawer
04-761,Wawer
04-762,Wawer
04-763,Wawer
04-764,Wawer
04-765,Wawer
04-766,Wawer
04-767,Wawer
04-768,Wawer
04-769,Wawer
04-770,Wawer
04-771,Wawer
04-772,Wawer
04-773,Wawer
04-774,Wawer
04-775,Wawer
04-776,Wawer
04-778,Wawer
04-779,Wawer
04-780,Wawer
04-781,Wawer
04-782,Wawer
04-783,Wawer
04-784,Wawer
04-785,Wawer
04-786,Wawer
04-787,Wawer
04-788,Wawer
04-789,Wawer
04-790,Wawer
04-791,Wawer
04-792,Wawer
04-793,Wawer
04-794,Wawer
04-795,Wawer
04-796,Wawer
04-797,Wawer
04-798,Wawer
04-801,Wawer
04-802,Wawer
04-803,Wawer
04-804,Wawer
04-805,Wawer
04-806,Wawer
04-807,Wawer
04-808,Wawer
04-809,Wawer
04-810,Wawer
04-811,Wawer
04-812,Wawer
04-813,Wawer
04-814,Wawer
04-815,Wawer
04-816,Wawer
04-817,Wawer
04-818,Wawer
04-819,Wawer
04-820,Wawer
04-822,Wawer
04-823,Wawer
04-824,Wawer
04-825,Wawer
04-826,Wawer
04-827,Wawer
04-828,Wawer
04-829,Wawer
04-830,Wawer
04-831,Wawer
04-832,Wawer
04-833,Wawer
04-834,Wawer
04-836,Wawer
04-837,Wawer
04-838,Wawer
04-839,Wawer
04-840,Wawer
04-841,Wawer
04-842,Wawer
04-843,Wawer
04-844,Wawer
04-845,Wawer
04-846,Wawer
04-847,Wawer
04-848,Wawer
04-849,Wawer
04-850,Wawer
04-851,Wawer
04-852,Wawer
04-853,Wawer
04-854,Wawer
04-855,Wawer
04-856,Wawer
04-857,Wawer
04-858,Wawer
04-859,Wawer
04-860,Wawer
04-861,Wawer
04-862,Wawer
04-863,Wawer
04-864,Wawer
04-865,Wawer
04-866,Wawer
04-867,Wawer
04-869,Wawer
04-870,Wawer
04-871,Wawer
04-872,Wawer
04-874,Wawer
04-875,Wawer
04-876,Wawer
04-877,Wawer
04-878,Wawer
04-879,Wawer
04-880,Wawer
04-881,Wawer
04-882,Wawer
04-883,Wawer
04-884,Wawer
04-885,Wawer
04-886,Wawer
04-888,Wawer
04-889,Wawer
04-890,Wawer
04-891,Wawer
04-892,Wawer
04-893,Wawer
04-894,Wawer
04-895,Wawer
04-896,Wawer
04-897,Wawer
04-898,Wawer
04-900,Wawer
04-901,Wawer
04-902,Wawer
04-903,Wawer
04-904,Wawer
04-906,Wawer
04-907,Wawer
04-908,Wawer
04-909,Wawer
04-910,Wawer
04-911,Wawer
04-912,Wawer
04-913,Wawer
04-914,Wawer
04-915,Wawer
04-916,Wawer
04-917,Wawer
04-918,Wawer
04-919,Wawer
04-920,Wawer
04-921,Wawer
04-922,Wawer
04-923,Wawer
04-924,Wawer
04-925,Wawer
04-926,Wawer
04-927,Wawer
04-928,Wawer
04-929,Wawer
04-930,Wawer
04-931,Wawer
04-932,Wawer
04-933,Wawer
04-934,Wawer
04-935,Wawer
04-936,Wawer
04-937,Wawer
04-938,Wawer
04-939,Wawer
04-940,Wawer
04-941,Wawer
04-942,Wawer
04-943,Wawer
04-944,Wawer
04-946,Wawer
04-947,Wawer
04-948,Wawer
04-949,Wawer
04-950,Wawer
04-952,Wawer
04-953,Wawer
04-954,Wawer
04-955,Wawer
04-956,Wawer
04-957,Wawer
04-958,Wawer
04-959,Wawer
04-960,Wawer
04-961,Wawer
04-962,Wawer
04-963,Wawer
04-964,Wawer
04-965,Wawer
04-966,Wawer
04-967,Wawer
04-968,Wawer
04-969,Wawer
04-970,Wawer
04-971,Wawer
04-972,Wawer
04-973,Wawer
04-974,Wawer
04-975,Wawer
04-976,Wawer
04-977,Wawer
04-979,Wawer
04-980,Wawer
04-981,Wawer
04-982,Wawer
04-983,Wawer
04-984,Wawer
04-985,Wawer
04-986,Wawer
04-987,Wawer
04-988,Wawer
04-989,Wawer
04-990,Wawer
04-991,Wawer
04-992,Wawer
04-993,Wawer
04-994,Wawer
04-995,Wawer
04-996,Wawer
04-997,Wawer
04-998,Wawer
05-075,Wesoła
05-077,Wesoła
